Sequence_ID,Motif,Count,Positions,First_Position,Last_Position,Motif_Name
NM_007294.3,TATAAA,2,"3512, 6915",3512,6915,TATA_box
NM_005228.5,TATAAA,3,"8216, 8549, 9013",8216,9013,TATA_box
NM_002467.6,TATAAA,1,2090,2090,2090,TATA_box
NM_033360.4,TATAAA,4,"200, 1483, 1566, 1696",200,1696,TATA_box
NM_004333.6,TATAAA,5,"1022, 1336, 3107, 3205, 5273",1022,5273,TATA_box
NM_000059.4,TATAAA,8,"1997, 2261, 2383, 2681, 3085, 4450, 8212, 11911",1997,11911,TATA_box
NM_004985.5,TATAAA,4,"200, 1359, 1442, 1572",200,1572,TATA_box
NM_007294.3,CCAAT,4,"1940, 5041, 5648, 6093",1940,6093,CAAT_box
NM_005228.5,CCAAT,5,"845, 4763, 5419, 7425, 8787",845,8787,CAAT_box
NM_033360.4,CCAAT,4,"1184, 2940, 5033, 5092",1184,5092,CAAT_box
NM_004333.6,CCAAT,8,"7, 845, 1121, 1247, 1326, 3309, 3789, 5500",7,5500,CAAT_box
NM_000059.4,CCAAT,11,"275, 431, 472, 528, 900, 3194, 3968, 5574, 7584, 7968...",275,11770,CAAT_box
NM_004985.5,CCAAT,4,"1060, 2816, 4909, 4968",1060,4968,CAAT_box
NM_000546.6,GGGCGG,1,871,871,871,GC_box
NM_005228.5,GGGCGG,1,7095,7095,7095,GC_box
NM_002467.6,GGGCGG,2,"43, 215",43,215,GC_box
NM_004333.6,GGGCGG,1,6018,6018,6018,GC_box
NM_000546.6,GCCACCATGG,1,2235,2235,2235,Kozak
NM_007294.3,AATAAA,9,"1148, 1730, 1895, 2627, 3137, 3553, 3706, 4694, 7182",1148,7182,PolyA_signal
NM_000546.6,AATAAA,1,2495,2495,2495,PolyA_signal
NM_005228.5,AATAAA,7,"643, 1683, 5589, 5681, 6339, 7551, 9074",643,9074,PolyA_signal
NM_002467.6,AATAAA,4,"2023, 2164, 3398, 3700",2023,3700,PolyA_signal
NM_033360.4,AATAAA,9,"536, 2288, 2294, 2340, 3016, 3719, 3896, 4224, 5410",536,5410,PolyA_signal
NM_004333.6,AATAAA,9,"2571, 2607, 3088, 3847, 3908, 4110, 4767, 6330, 6437",2571,6437,PolyA_signal
NM_000059.4,AATAAA,13,"4061, 4412, 4529, 5311, 5495, 5663, 5837, 7141, 8315, 9505...",4061,11933,PolyA_signal
NM_004985.5,AATAAA,9,"536, 2164, 2170, 2216, 2892, 3595, 3772, 4100, 5286",536,5286,PolyA_signal
NM_007294.3,ATG,140,"233, 270, 279, 284, 374, 421, 429, 534, 591, 614...",233,7160,Start_codon
NM_000546.6,ATG,38,"143, 208, 260, 264, 272, 298, 324, 338, 539, 620...",143,2273,Start_codon
NM_005228.5,ATG,160,"262, 421, 467, 482, 524, 592, 611, 635, 638, 670...",262,9887,Start_codon
NM_002467.6,ATG,47,"409, 443, 709, 736, 808, 1130, 1181, 1196, 1431, 1466...",409,3603,Start_codon
NM_033360.4,ATG,100,"191, 285, 330, 389, 404, 513, 521, 541, 600, 651...",191,5406,Start_codon
NM_004333.6,ATG,117,"227, 293, 383, 471, 495, 575, 654, 782, 785, 831...",227,6455,Start_codon
NM_000059.4,ATG,243,"200, 522, 569, 582, 585, 640, 648, 679, 773, 837...",200,11894,Start_codon
NM_004985.5,ATG,97,"191, 285, 330, 389, 404, 513, 521, 541, 600, 648...",191,5282,Start_codon
NM_007294.3,TAA,139,"87, 92, 164, 209, 277, 424, 435, 547, 568, 585...",87,7184,Stop_TAA
NM_000546.6,TAA,13,"856, 928, 1054, 1282, 1549, 1583, 1602, 1656, 1693, 1761...",856,2497,Stop_TAA
NM_005228.5,TAA,134,"366, 429, 497, 630, 645, 1152, 1239, 1272, 1296, 1313...",366,9900,Stop_TAA
NM_002467.6,TAA,58,"13, 1517, 1596, 1726, 1736, 1755, 1858, 1863, 1891, 1931...",13,3706,Stop_TAA
NM_033360.4,TAA,150,"202, 258, 324, 441, 445, 451, 490, 499, 538, 739...",202,5412,Stop_TAA
NM_004333.6,TAA,136,"223, 388, 442, 768, 795, 1024, 1069, 1161, 1338, 1455...",223,6445,Stop_TAA
NM_000059.4,TAA,271,"195, 244, 279, 286, 325, 355, 385, 412, 435, 483...",195,11944,Stop_TAA
NM_004985.5,TAA,147,"202, 258, 324, 441, 445, 451, 490, 499, 538, 688...",202,5288,Stop_TAA
NM_007294.3,TAG,86,"35, 41, 297, 469, 1021, 1128, 1170, 1222, 1251, 1324...",35,7193,Stop_TAG
NM_000546.6,TAG,18,"11, 35, 166, 694, 784, 1421, 1527, 1542, 1609, 1631...",11,2268,Stop_TAG
NM_005228.5,TAG,88,"100, 617, 761, 1280, 1389, 1529, 3119, 3129, 3414, 3506...",100,9834,Stop_TAG
NM_002467.6,TAG,31,"10, 54, 121, 208, 358, 380, 423, 597, 1586, 1852...",10,3646,Stop_TAG
NM_033360.4,TAG,95,"2, 213, 231, 297, 321, 478, 528, 531, 556, 564...",2,5418,Stop_TAG
NM_004333.6,TAG,77,"408, 492, 562, 604, 697, 960, 1042, 1146, 1347, 1375...",408,6341,Stop_TAG
NM_000059.4,TAG,143,"191, 270, 492, 507, 513, 532, 535, 616, 750, 792...",191,11798,Stop_TAG
NM_004985.5,TAG,95,"2, 213, 231, 297, 321, 478, 528, 531, 556, 564...",2,5294,Stop_TAG
NM_007294.3,TGA,184,"7, 20, 113, 122, 256, 321, 349, 378, 430, 481...",7,7135,Stop_TGA
NM_000546.6,TGA,43,"94, 183, 223, 265, 270, 292, 307, 325, 507, 583...",94,2367,Stop_TGA
NM_005228.5,TGA,180,"61, 207, 223, 393, 435, 483, 636, 656, 671, 771...",61,9865,Stop_TGA
NM_002467.6,TGA,52,"154, 334, 444, 713, 740, 950, 1131, 1164, 1182, 1406...",154,3719,Stop_TGA
NM_033360.4,TGA,118,"128, 186, 192, 196, 246, 286, 328, 390, 405, 460...",128,5427,Stop_TGA
NM_004333.6,TGA,125,"53, 237, 384, 393, 472, 547, 780, 783, 786, 862...",53,6450,Stop_TGA
NM_000059.4,TGA,282,"85, 101, 235, 295, 331, 349, 456, 558, 583, 619...",85,11952,Stop_TGA
NM_004985.5,TGA,115,"128, 186, 192, 196, 246, 286, 328, 390, 405, 460...",128,5303,Stop_TGA
